{
  "topology": [400, 2, 1],
  "activations": ["Sigmoid", "Sigmoid"],
  "weights": [[[0.7302511331990172, 0.5968915822372118], [0.1997967977304621, 0.8086773224456854], [0.559230256306747, 0.7164086915918646], [0.01331418730876055, 0.6250323884612602], [0.42328168639586805, 0.907912890089473], [0.2527168709211228, 0.8778642818165733], [0.32624469721015037, 0.8892020867168485], [0.10055843367432504, 0.4128790755001157], [0.5477068657905586, 0.8779504759917264], [0.15004288982288172, 0.6839154541078036], [0.6245243815199375, 0.031192317084515975], [0.8165116153867898, 0.05301687415099643], [0.23079627082397258, 0.2639492052006035], [0.16693048958001022, 0.06109343457241834], [0.6792231770836438, 0.05787163809873308], [0.13689016362308926, 0.42115699220977654], [0.08025819090451014, 0.2858038451659567], [0.18373398453579215, 0.2917773625948199], [0.2901839049926648, 0.5244709393180028], [0.7847796458011763, 0.7253211546801042], [0.6552260426805178, 0.8050251518089154], [0.8312022504716174, 0.053699210148999144], [0.2160411399415143, 0.2599787004427804], [0.8909978424255356, 0.3737625766947703], [0.4753916570607635, 0.6650881065677174], [0.5185483033366812, 0.22515087218555008], [0.05154912098808284, 0.4460452062194449], [0.27365970889875735, 0.01531110588808171], [0.5409418450879303, 0.3223685847703349], [0.879548471788071, 0.7395689774624564], [0.6957909876156738, 0.394678086615757], [0.9971000395252109, 0.06854897030913298], [0.5859544668791337, 0.14657457570543664], [0.42182782454553636, 0.9309031946705136], [0.7589257236356655, 0.5286357887897256], [0.12031045932085582, 0.30622339287722244], [0.5379101421657931, 0.019578331808255522], [0.4144877126278189, 0.061174572388763226], [0.5051287928635769, 0.3184249950526502], [0.7950467471197464, 0.3113022178966637], [0.9059759980102172, 0.11155557478347944], [0.29923190121032406, 0.9716301124038945], [0.1793830055695771, 0.1798082580721333], [0.12376285482094274, 0.8710788478851408], [0.07071767418761798, 0.9633381882358025], [0.1601475311506212, 0.04889969024589835], [0.8157756070867973, 0.5857282027919573], [0.4375277529262571, 0.6257327479915672], [0.6978956167324659, 0.25388651717967325], [0.037297019843105295, 0.9475616491337974], [0.8749581201279059, 0.8965544843582339], [0.9040815789712575, 0.5377518535105003], [0.7490024240302846, 0.8817873985250694], [0.1192773724173054, 0.7605234717563806], [0.308424865138078, 0.6625595758572379], [0.6261870625377637, 0.9986229962080387], [0.8111967022590894, 0.23968455700090208], [0.09990288628130162, 0.5786235804102859], [0.8972667125865637, 0.4025301488490397], [0.6404326810985156, 0.6391964539982593], [0.719290693750471, 0.8105472000402317], [0.2341678019811243, 0.6308604836558411], [0.9630561032836943, 0.11241962131344807], [0.4766437066467657, 0.16013143258911144], [0.6924468743042059, 0.46468325982438485], [0.8786448014212088, 0.4466557297949415], [0.7985197490644989, 0.00794862854179701], [0.18805741109695995, 0.7488281142502513], [0.45824061166304086, 0.08640364500137765], [0.5514759287685228, 0.7315567586715054], [0.4156550126728701, 0.25505950568115], [0.012418717069127116, 0.8992527917490912], [0.08674458037043431, 0.40924349579031594], [0.7971120809545984, 0.8977860152412356], [0.45894662505660766, 0.6921309041651036], [0.07415239067979029, 0.701062355906894], [0.5072916452382916, 0.18864684224008488], [0.3909570992057021, 0.4410423195536808], [0.38133955264276664, 0.7978591299266647], [0.7877683386235006, 0.914434423853192], [0.9305719011968947, 0.09102089032199234], [0.6690730480996305, 0.604961147165971], [0.23062453124260474, 0.4087119456477728], [0.8726559199032922, 0.3970091454623609], [0.6487207084139344, 0.9280661940636503], [0.01810278063459203, 0.0246396879713473], [0.6438924889374916, 0.9398616708101001], [0.13942364822964393, 0.6993491166116592], [0.9360535371147165, 0.11528905016246693], [0.8105659660267253, 0.29063322570315187], [0.8977139946154626, 0.11350328454880054], [0.45794069463514775, 0.8953237273172083], [0.023104125714322632, 0.48360205291106684], [0.3206848798873946, 0.6248288327572707], [0.11170009607080933, 0.44846419371048307], [0.5672361565425341, 0.9638239338029658], [0.36662207216760034, 0.8229195258526242], [0.4058963793659719, 0.10960288534079088], [0.9531007662927786, 0.0150117063932107], [0.637412614591965, 0.28821384961439556], [0.6881861311797668, 0.7866535966350708], [0.9892060127319562, 0.16166837123812083], [0.4400971504924195, 0.2087645380936718], [0.7437299360146641, 0.08992555461381857], [0.504089553250337, 0.03601763893274712], [0.6275407232350441, 0.19201851755408095], [0.6914439293511936, 0.5476144279922275], [0.6630159427163426, 0.8626029581756024], [0.11915355192864518, 0.7530429000585185], [0.7012563574873227, 0.6433728224839198], [0.7201180878979386, 0.7455645426782731], [0.6525597761976196, 0.1232015699035921], [0.30712530230889734, 0.9012148369692515], [0.00995611783123429, 0.8465317726006034], [0.6186301894309645, 0.5673903201635191], [0.12164465943128167, 0.046449768319777984], [0.1503166838028922, 0.8626353294649614], [0.8097764595101243, 0.3870464116657205], [0.7336545556505776, 0.21802951344201837], [0.35587577606487264, 0.7990783537913798], [0.7611398945468675, 0.3306170772176841], [0.5772963858405106, 0.9236093330269941], [0.6776345343752022, 0.2706074515229958], [0.7044601235306506, 0.6402242369156627], [0.8581964112509288, 0.5866161780670347], [0.035226545345335425, 0.6495728518268088], [0.2750190697418765, 0.38700377800640373], [0.8905940231784992, 0.10441489216747168], [0.41957538459461585, 0.5404096487039197], [0.22503443422462688, 0.8390010110411316], [0.7907870021334558, 0.33486693099642106], [0.3551149279469946, 0.8335394652817045], [0.8860176683055812, 0.1624234753974324], [0.661661862253672, 0.1686614979482013], [0.03891503706181465, 0.054982706379206436], [0.793573620470146, 0.8742130375158373], [0.6366019967080292, 0.18711809744743046], [0.8554908141217729, 0.7573638344737199], [0.21844589220576893, 0.7829029372921239], [0.2968830174519176, 0.5069401513315615], [-0.06889993694686726, 0.8254967615271088], [0.7229886776280849, 0.2538449017719198], [0.5610871963454639, 0.6185359284951392], [-0.8951079418838335, 1.0402919189794106], [-0.7907773676077006, 1.9272794097148955], [0.22279062448164097, 0.8400120950823141], [-0.31040083098443216, 0.4730082832390953], [2.870121407697311, -1.6169558079606627], [1.6168617773888132, -0.3995719372134177], [-8.289912774384497, 7.27948155168241], [-5.9851548033627795, 3.156863442501435], [-5.888013259086721, 3.1165179870345883], [14.659076288072498, -10.972649037885658], [10.993458080269638, -6.012966729202596], [4.097572461417549, -0.74695412830434], [4.141919469774388, -1.5575964214275808], [5.596700229992992, -0.47138077146727686], [1.424485089038313, 1.3393049973437934], [0.6029484345346615, 0.24051045718791145], [0.1954247577615017, 0.6218867626832156], [0.24467743955448423, 0.6657235676563079], [1.305512268879004, 0.30856367574797827], [0.9962871961505934, -0.21208535238108608], [2.456832851646186, -0.5577898999357659], [0.9901157550485077, -0.6174955798006478], [-1.8345708356477697, 3.8074680805168497], [-2.3208346198999132, 5.766204906076953], [-6.270420792197648, 8.049741789546818], [-5.180841947168079, 7.001581996437422], [-21.989984853194855, 14.10153334220555], [-26.451756895158113, 16.660034036626218], [-21.86062117064574, 12.052486230169308], [-11.350321839465847, 8.006255042424963], [-19.005725649858515, 21.228961557386285], [-11.169630880337676, 5.695616827639322], [-10.45514584529582, 0.21436172532165645], [-8.904312974975099, 2.8694006485179457], [0.8672141691268723, -0.5147346382939639], [1.7119928355732321, -0.24067954188375515], [1.965024625510713, -0.3888830029547421], [0.89197302290238, 0.2569130835188794], [1.2291248114214828, 0.2295474576402826], [0.23964613535235413, 0.8904720915932326], [2.9046150238862856, -0.9163818169346712], [2.1214075484587456, -0.048672386953532765], [-0.2532143428761612, 0.6997805039400962], 